{"annotations":[{"annotations":[{"text_extraction":{"text_segment":{"end_offset":15,"start_offset":10}},"display_name":"PER"},{"text_extraction":{"text_segment":{"end_offset":57,"start_offset":35}},"display_name":"PER"},{"text_extraction":{"text_segment":{"end_offset":114,"start_offset":76}},"display_name":"ORG"},{"text_extraction":{"text_segment":{"end_offset":133,"start_offset":128}},"display_name":"PER"},{"text_extraction":{"text_segment":{"end_offset":211,"start_offset":204}},"display_name":"LOC"}],"text_snippet":{"content":"Ni 1881 , Bruce je yiyasipo latowo Aare James A. Garfield lati di Olukosile Eto Inawo ( Register of the Treasury ) , eyi tun so Bruce di omo Afrika Amerika akoko ti itowobowe re wa lori owonina orile-ede Amerika ."},"reference":"56"},{"annotations":[{"text_extraction":{"text_segment":{"end_offset":47,"start_offset":30}},"display_name":"ORG"},{"text_extraction":{"text_segment":{"end_offset":135,"start_offset":122}},"display_name":"PER"}],"text_snippet":{"content":"Lẹ́yìn tó kẹ́kọ̀ọ́ gboyè láti ilé-ìwé Juilliard ní ọdún 1993 , ó gba àmì-ẹ̀yẹ Obie ní ọdún 1999 fún ẹ̀dá-ìtàn rẹ̀ , tó ṣe Ruby McCollum nínú Everybody 's Ruby ."},"reference":"4"},{"annotations":[{"text_extraction":{"text_segment":{"end_offset":52,"start_offset":29}},"display_name":"ORG"},{"text_extraction":{"text_segment":{"end_offset":63,"start_offset":58}},"display_name":"LOC"},{"text_extraction":{"text_segment":{"end_offset":80,"start_offset":74}},"display_name":"LOC"}],"text_snippet":{"content":"Lẹ́yìn náà , ṣiṣẹ́ olùkọ́ ní University Ahmadu Bello , ní Zaria , Ìpínlẹ̀ Kaduna , Ilé-ẹ̀kọ́ gíga keji tí ó tóbi jùlọ ní ilẹ̀ Afíríkà ."},"reference":"71"},{"annotations":[],"text_snippet":{"content":"Ní ìparí ọdún 2009 ."},"reference":"27"},{"annotations":[{"text_extraction":{"text_segment":{"end_offset":37,"start_offset":31}},"display_name":"PER"},{"text_extraction":{"text_segment":{"end_offset":156,"start_offset":150}},"display_name":"ORG"}],"text_snippet":{"content":"Ó tún kópa gẹ́gẹ́ bí ẹ̀dá ìtàn Graham níbi tí ó ti jẹ́ agbẹjọ́rò oun ati Miles ati Anna , nínú eré onípele tí wọ́n ń ṣàfihàn rẹ̀ ní orí amóhù-máwòrán BBC TV tí wọ́n pe akọ́lé rẹ̀ ní This Life ."},"reference":"84"},{"annotations":[{"text_extraction":{"text_segment":{"end_offset":56,"start_offset":35}},"display_name":"ORG"},{"text_extraction":{"text_segment":{"end_offset":73,"start_offset":60}},"display_name":"LOC"},{"text_extraction":{"text_segment":{"end_offset":102,"start_offset":88}},"display_name":"ORG"},{"text_extraction":{"text_segment":{"end_offset":149,"start_offset":143}},"display_name":"LOC"},{"text_extraction":{"text_segment":{"end_offset":135,"start_offset":124}},"display_name":"ORG"}],"text_snippet":{"content":"Ó tún jẹ́ akópa nínú iṣẹ́ ìwadi ní Brookings Institution ní Washington DC àti onímọ̀ ní Bellagio Study , àti Ilé ìwádí Ìmọ̀ Rockefeller ní Ìlú Italia ."},"reference":"73"},{"annotations":[{"text_extraction":{"text_segment":{"end_offset":42,"start_offset":37}},"display_name":"PER"},{"text_extraction":{"text_segment":{"end_offset":213,"start_offset":201}},"display_name":"ORG"},{"text_extraction":{"text_segment":{"end_offset":285,"start_offset":274}},"display_name":"PER"},{"text_extraction":{"text_segment":{"end_offset":294,"start_offset":285}},"display_name":"PER"},{"text_extraction":{"text_segment":{"end_offset":348,"start_offset":340}},"display_name":"LOC"},{"text_extraction":{"text_segment":{"end_offset":357,"start_offset":350}},"display_name":"LOC"},{"text_extraction":{"text_segment":{"end_offset":375,"start_offset":362}},"display_name":"LOC"}],"text_snippet":{"content":"Lẹ́yìn tí orúkọ rẹ̀ ti tàn kálé-káko Nneka ri àǹfàní àti kà àwo rẹ̀ àkọ́kọ́ sílẹ̀ .Lẹ́yin tí ó gbé àwo náà tí ó là á jáde tí ó pe àkọ́lé e rẹ̀ ni “ The Uncomfortable Truth ” pẹ̀lú ilé iṣẹ agbó rinjáde Yo Mama ’ s , níbi ìgbé –kiri orin ẹ̀ fún ìgbà àkọ́kọ̀ ló ti kọrin pẹ̀lú atrice Bart Williams nínú oṣù kẹrin , Odún 2005 , ní àwọn ìlú bíi Germany , Austria àti Switzerland ."},"reference":"18"},{"annotations":[{"text_extraction":{"text_segment":{"end_offset":29,"start_offset":24}},"display_name":"PER"}],"text_snippet":{"content":"Ni Osu Keji odun 1874 , Bruce je didiboyan latowo ile asofin ipnle Mississippi si Ile Alagba Asofin bi Republikani ."},"reference":"53"},{"annotations":[{"text_extraction":{"text_segment":{"end_offset":50,"start_offset":35}},"display_name":"PER"}],"text_snippet":{"content":"Ní ọdún 2008 , ó tún kópa nínú eré Waking the Dead tí wọ́n ń ṣàfihàn rẹ̀ ní orí ẹ̀rọ amóhù-máwòrán BBC ."},"reference":"87"},{"annotations":[{"text_extraction":{"text_segment":{"end_offset":51,"start_offset":43}},"display_name":"LOC"},{"text_extraction":{"text_segment":{"end_offset":106,"start_offset":78}},"display_name":"ORG"},{"text_extraction":{"text_segment":{"end_offset":147,"start_offset":138}},"display_name":"LOC"},{"text_extraction":{"text_segment":{"end_offset":167,"start_offset":159}},"display_name":"LOC"}],"text_snippet":{"content":"Ó gba àmì ẹ̀yẹ gẹ́gẹ́ bí akọrin orílẹ̀ èdè Nàìjíríà tí ó dára júlo níbi ayẹyẹ Nigeria Entertainment Awards 2010 tí ó wáyé ti ó wáyé nílùú New York Lorílẹ̀ èdè Amẹríkà ."},"reference":"40"},{"annotations":[{"text_extraction":{"text_segment":{"end_offset":29,"start_offset":21}},"display_name":"LOC"},{"text_extraction":{"text_segment":{"end_offset":40,"start_offset":32}},"display_name":"LOC"},{"text_extraction":{"text_segment":{"end_offset":61,"start_offset":54}},"display_name":"LOC"}],"text_snippet":{"content":"Ni 1864 , o ko lo si Hannibal , Missouri , nibi to da ile-eko sile fun awon alawodudu ."},"reference":"49"},{"annotations":[{"text_extraction":{"text_segment":{"end_offset":42,"start_offset":35}},"display_name":"LOC"},{"text_extraction":{"text_segment":{"end_offset":30,"start_offset":22}},"display_name":"LOC"}],"text_snippet":{"content":"Ní báyìí , orílẹ́-èdè Nàìjíríà àti Hamburg ni ó fi ṣe ibùgbé ."},"reference":"16"},{"annotations":[{"text_extraction":{"text_segment":{"end_offset":65,"start_offset":57}},"display_name":"LOC"}],"text_snippet":{"content":"Kí ó tó di àsìkò yìí , ó jẹ́ onímọ̀ àti aṣojú orílẹ̀-èdè Nàìjíríà ."},"reference":"61"},{"annotations":[{"text_extraction":{"text_segment":{"end_offset":5,"start_offset":0}},"display_name":"PER"},{"text_extraction":{"text_segment":{"end_offset":42,"start_offset":17}},"display_name":"ORG"}],"text_snippet":{"content":"Davis lọ ilé-ìwé Central Falls High School ."},"reference":"5"},{"annotations":[{"text_extraction":{"text_segment":{"end_offset":36,"start_offset":20}},"display_name":"PER"},{"text_extraction":{"text_segment":{"end_offset":93,"start_offset":76}},"display_name":"PER"},{"text_extraction":{"text_segment":{"end_offset":65,"start_offset":53}},"display_name":"PER"},{"text_extraction":{"text_segment":{"end_offset":150,"start_offset":128}},"display_name":"PER"}],"text_snippet":{"content":"On March 4 , 2013 , Ibrahim Gambari was named by the Kwara State Governor , AbdulFatah Ahmad , as the pioneer chancellor of the Kwara State University , making him the ceremonial head of the university who presides over convocations to award degrees and diplomas and also supports the vision and mission of the university in all respects , including fundraising , social , economic and academic goals ."},"reference":"66"},{"annotations":[],"text_snippet":{"content":"Noughts and Crosses ."},"reference":"95"},{"annotations":[{"text_extraction":{"text_segment":{"end_offset":15,"start_offset":10}},"display_name":"PER"},{"text_extraction":{"text_segment":{"end_offset":98,"start_offset":73}},"display_name":"ORG"},{"text_extraction":{"text_segment":{"end_offset":226,"start_offset":213}},"display_name":"PER"},{"text_extraction":{"text_segment":{"end_offset":140,"start_offset":134}},"display_name":"PER"}],"text_snippet":{"content":"Lẹ́yìn tí Cyril kẹ́kọ́ ìmọ̀ eré oníṣẹ́ tán , ó bẹ̀rẹ̀ sí ń were jẹun níb Royal Shakespeare Company níbi tí ó ti kọ́kọ́ kópa gẹ́gẹ́ bí Lucuis nínú eré tí Ron Daiel 's gbé jáde ní ọdún 1982 tí wọ́n pe akọ́lé rẹ̀ ní Julius Caesar ."},"reference":"85"},{"annotations":[{"text_extraction":{"text_segment":{"end_offset":69,"start_offset":49}},"display_name":"ORG"}],"text_snippet":{"content":"Ó ti gba ọ̀pọ̀lọpọ̀ àmì-ẹ̀yẹ bíi Academy Award , Primetime Emmy Award àti àmì-ẹ̀yẹTony méjì ."},"reference":"2"},{"annotations":[{"text_extraction":{"text_segment":{"end_offset":95,"start_offset":80}},"display_name":"PER"},{"text_extraction":{"text_segment":{"end_offset":38,"start_offset":25}},"display_name":"PER"},{"text_extraction":{"text_segment":{"end_offset":111,"start_offset":103}},"display_name":"LOC"},{"text_extraction":{"text_segment":{"end_offset":161,"start_offset":153}},"display_name":"LOC"}],"text_snippet":{"content":"Ní oṣù kìíní ọdún 2010 , Nneka Farahàn lórí ètò tí a pè ní ‘ Late show ’ pẹ̀lúu David Letterman ní ìlú New York kí ó tó lóre ọ̀fẹ́ àti gbé rẹ̀ kiri ilẹ̀ Amẹ́ríkà ."},"reference":"32"},{"annotations":[{"text_extraction":{"text_segment":{"end_offset":42,"start_offset":39}},"display_name":"PER"},{"text_extraction":{"text_segment":{"end_offset":60,"start_offset":47}},"display_name":"PER"}],"text_snippet":{"content":"Ó gbà láti rìrìn –àjò orin kík̀ pẹ̀lúu Nas àti Damian Marley láti le é báwọn gbé àwo orin ‘ Distant Relativs “ larugẹ ."},"reference":"33"},{"annotations":[{"text_extraction":{"text_segment":{"end_offset":113,"start_offset":99}},"display_name":"PER"},{"text_extraction":{"text_segment":{"end_offset":89,"start_offset":79}},"display_name":"LOC"}],"text_snippet":{"content":"Ó tún kópa nínú eré Goodnight Sweetheart níbi tí ó ti kópa gẹ́gẹ́ bí Dókítà ní ilé ìwòsàn tí ìyàwó Yvonne Sparrow ti bí àbíkú ."},"reference":"93"},{"annotations":[],"text_snippet":{"content":"Ní oṣu kejì ọdún 2008 , ó gbé àwo rẹ̀ kejì jàde tí ó pè ní `` No Longer at Ease ” ."},"reference":"23"},{"annotations":[{"text_extraction":{"text_segment":{"end_offset":77,"start_offset":59}},"display_name":"LOC"},{"text_extraction":{"text_segment":{"end_offset":139,"start_offset":125}},"display_name":"LOC"}],"text_snippet":{"content":"O je yiyansipo akorukosile awon adibo ati adye owoode fun Tallahatchie County koto di pe o bori ninu idiboyan fun sheriff ni Bolivar County ."},"reference":"51"},{"annotations":[{"text_extraction":{"text_segment":{"end_offset":14,"start_offset":0}},"display_name":"PER"},{"text_extraction":{"text_segment":{"end_offset":25,"start_offset":15}},"display_name":"PER"},{"text_extraction":{"text_segment":{"end_offset":39,"start_offset":28}},"display_name":"PER"},{"text_extraction":{"text_segment":{"end_offset":60,"start_offset":42}},"display_name":"PER"},{"text_extraction":{"text_segment":{"end_offset":75,"start_offset":63}},"display_name":"PER"},{"text_extraction":{"text_segment":{"end_offset":85,"start_offset":78}},"display_name":"PER"}],"text_snippet":{"content":"Kelly Clarkson Jill scott , Erykah Badu , Corrine Barley Rae , Mary J Blige , Rihanna , àti bẹ́ẹ̀bẹ́ẹ̀ lọ gẹ́gẹ́ bí akópa ."},"reference":"36"},{"annotations":[{"text_extraction":{"text_segment":{"end_offset":88,"start_offset":80}},"display_name":"LOC"},{"text_extraction":{"text_segment":{"end_offset":107,"start_offset":99}},"display_name":"LOC"},{"text_extraction":{"text_segment":{"end_offset":70,"start_offset":55}},"display_name":"ORG"}],"text_snippet":{"content":"Ó tún gba oyè Ìmọ̀ MA ( 1970 ) àti Ph.D. ( 1974 ) láti Fásitì Columbia , ní ìlú New York , ní ilẹ̀ Amẹ́ríkà nínú Ìmọ̀-ọ̀rọ̀ Ìṣèlú àti International Relation ."},"reference":"70"},{"annotations":[{"text_extraction":{"text_segment":{"end_offset":11,"start_offset":0}},"display_name":"PER"}],"text_snippet":{"content":"Viola Davis ( /vaɪˈoʊl.ə/ ; tí a bí ní ọjọ́ kọkànlá oṣù kẹjọ , ọdún 1965 ) jẹ́ òṣèrébìnrin ilẹ̀ Amerika ."},"reference":"1"},{"annotations":[{"text_extraction":{"text_segment":{"end_offset":62,"start_offset":45}},"display_name":"ORG"},{"text_extraction":{"text_segment":{"end_offset":105,"start_offset":67}},"display_name":"ORG"}],"text_snippet":{"content":"Gẹ́gẹ́ bí ọ̀jẹ̀-wẹ́wẹ́ , ó darapọ̀ mọ́ ẹgbẹ́ TRIO Upward Bound àti TRIO Student Support Services programs ."},"reference":"6"},{"annotations":[{"text_extraction":{"text_segment":{"end_offset":144,"start_offset":131}},"display_name":"PER"},{"text_extraction":{"text_segment":{"end_offset":181,"start_offset":174}},"display_name":"LOC"},{"text_extraction":{"text_segment":{"end_offset":94,"start_offset":88}},"display_name":"LOC"}],"text_snippet":{"content":"Ni oṣu tí ó tẹ̀lẹ́ e , onírúurú ìrìn àjò orin kíkọ sílẹ́ Faransé ítàló , àti orílẹ̀ èdè Potogí ni ó wáyé , ó tún ṣe alátílẹyìn fún Lenny Kravitz nínú ìrìn àjò orin rẹ̀ sílẹ̀ Faransé ni oṣù kẹrin ọdún 2009 ."},"reference":"26"},{"annotations":[{"text_extraction":{"text_segment":{"end_offset":29,"start_offset":5}},"display_name":"ORG"}],"text_snippet":{"content":"Láti University of Bridgeport ."},"reference":"76"},{"annotations":[],"text_snippet":{"content":"Ó sì tún jẹ́ ọmọ african American tó gba Triple Crown of Acting ."},"reference":"3"},{"annotations":[{"text_extraction":{"text_segment":{"end_offset":57,"start_offset":44}},"display_name":"PER"}],"text_snippet":{"content":"Ó yọ àkọlé àwo nàá jáde làti inú ìwé ìtàn ( Chinua Achebe tí ìwé náà sì fi òye inú orin náà hàn ."},"reference":"24"},{"annotations":[{"text_extraction":{"text_segment":{"end_offset":10,"start_offset":5}},"display_name":"PER"},{"text_extraction":{"text_segment":{"end_offset":40,"start_offset":35}},"display_name":"LOC"},{"text_extraction":{"text_segment":{"end_offset":85,"start_offset":77}},"display_name":"LOC"}],"text_snippet":{"content":"A bí Nneka bẹ́ẹ̀ la tọ dàgbà nílùú Warri tíí ṣe agbègbè Del , ta lórílẹ̀ èdè Naìjíríà ."},"reference":"12"},{"annotations":[],"text_snippet":{"content":"Won so loruko fun Alagba Asofin lati New York Roscoe Conkling , to je olufarawe fun Bruce ni Ile Alagba ."},"reference":"59"},{"annotations":[{"text_extraction":{"text_segment":{"end_offset":23,"start_offset":18}},"display_name":"PER"},{"text_extraction":{"text_segment":{"end_offset":72,"start_offset":55}},"display_name":"LOC"}],"text_snippet":{"content":"Niigba Atunleko , Bruce di oloro nitori awon ile to ni Delta Mississippi ."},"reference":"50"},{"annotations":[{"text_extraction":{"text_segment":{"end_offset":56,"start_offset":49}},"display_name":"LOC"},{"text_extraction":{"text_segment":{"end_offset":64,"start_offset":59}},"display_name":"PER"}],"text_snippet":{"content":"Ni Ipejo Onibinibi awon Republikani odun 1880 ni Chicago , Bruce do omo Afrika Amerika akoko to gba ibo kankan ni ipejo idaruko fun ipo ti egbe oloselu ninla kan nipa gbigba ibo mejo fun ipo igbakeji aare ."},"reference":"55"},{"annotations":[{"text_extraction":{"text_segment":{"end_offset":34,"start_offset":16}},"display_name":"PER"},{"text_extraction":{"text_segment":{"end_offset":57,"start_offset":44}},"display_name":"PER"}],"text_snippet":{"content":"Ni 2002 , omowe Molefi Kete Asante fi oruko Blanche Bruce si inu akojo Awon omo Afrika Amerika 100 Olokikijulo ."},"reference":"60"},{"annotations":[{"text_extraction":{"text_segment":{"end_offset":20,"start_offset":14}},"display_name":"LOC"}],"text_snippet":{"content":"Agbègbè south London ni Nri ń gbé láti ọdún 1980s ."},"reference":"83"},{"annotations":[{"text_extraction":{"text_segment":{"end_offset":15,"start_offset":0}},"display_name":"PER"},{"text_extraction":{"text_segment":{"end_offset":49,"start_offset":37}},"display_name":"LOC"},{"text_extraction":{"text_segment":{"end_offset":97,"start_offset":84}},"display_name":"ORG"}],"text_snippet":{"content":"Hiram R. Revels , to wa bakanna lati Mississippi , ni omo Afrika Amerika to soju ni Kongresi U.S. , sugbon ko soju igba re tan ."},"reference":"44"},{"annotations":[{"text_extraction":{"text_segment":{"end_offset":67,"start_offset":59}},"display_name":"LOC"}],"text_snippet":{"content":"Àwọn orin rẹ̀ a máa ní òye nípa ìtàn àti ayé e rẹ̀ lórílẹ̀ Nàìjíríà àti ìgba rẹ̀ nílùu àwọn aláwọ́ -funfun ."},"reference":"41"},{"annotations":[],"text_snippet":{"content":"O fun leko po mo awon omo yioku re ."},"reference":"46"},{"annotations":[{"text_extraction":{"text_segment":{"end_offset":5,"start_offset":0}},"display_name":"PER"}],"text_snippet":{"content":"Kaura ti aiyese ja fun aabo ti awon obirin ka otun ati idarasi si ijoba tiwatiwa ilana ."},"reference":"98"},{"annotations":[{"text_extraction":{"text_segment":{"end_offset":5,"start_offset":0}},"display_name":"PER"}],"text_snippet":{"content":"Nneka gba ìmọ̀ orin kíkọ́ lóòórọ̀ ayé ẹ̀ nílé ìwé ẹ̀ àti nínú ẹgbẹ́ akọrin ti ilé ìjọsìn ."},"reference":"14"},{"annotations":[{"text_extraction":{"text_segment":{"end_offset":25,"start_offset":10}},"display_name":"PER"},{"text_extraction":{"text_segment":{"end_offset":54,"start_offset":49}},"display_name":"PER"}],"text_snippet":{"content":"Ni 1880 , James Z. George je didiboyan lati ropo Bruce ."},"reference":"54"},{"annotations":[{"text_extraction":{"text_segment":{"end_offset":36,"start_offset":31}},"display_name":"PER"},{"text_extraction":{"text_segment":{"end_offset":63,"start_offset":41}},"display_name":"PER"},{"text_extraction":{"text_segment":{"end_offset":106,"start_offset":97}},"display_name":"LOC"},{"text_extraction":{"text_segment":{"end_offset":156,"start_offset":150}},"display_name":"LOC"}],"text_snippet":{"content":"Ni ojo 24 Osu Kefa odun 1878 , Bruce gbe Josephine Beal Willson ( 1853–February 15 , 1923 ) lati Cleveland , Ohio niyawo ; oko ati iyawo rinajo lo si Europe fun osu merin fun ajo oloyin ."},"reference":"57"},{"annotations":[{"text_extraction":{"text_segment":{"end_offset":103,"start_offset":95}},"display_name":"LOC"}],"text_snippet":{"content":"Bákan , náà ni ó jẹ́ ẹni àyẹ́sí pàtàkì níbi ayẹyẹ ‘ the Roots Jam , àwo r2 àkọ́kọ́ lórílẹ̀ èdè Améríkà tí ó pé ní ‘ concrete Jungle ” ni yóò jáde níjọ́ kejì oṣù kejì ọdún , 2010 ."},"reference":"30"},{"annotations":[],"text_snippet":{"content":"Wọ́n fun ní oyè ti gba ni ọwọ , o jẹ honoris causa , tí ó jẹ́ oyè Dókítà ti Humane lẹ́tà ( D.Hum ) ."},"reference":"74"},{"annotations":[{"text_extraction":{"text_segment":{"end_offset":38,"start_offset":24}},"display_name":"ORG"},{"text_extraction":{"text_segment":{"end_offset":148,"start_offset":136}},"display_name":"ORG"},{"text_extraction":{"text_segment":{"end_offset":172,"start_offset":154}},"display_name":"ORG"},{"text_extraction":{"text_segment":{"end_offset":94,"start_offset":78}},"display_name":"PER"}],"text_snippet":{"content":"Bákan náà , ó jẹ́ aṣojú United Nations ( UN ) , ti ó si tún jẹ́ akọ̀wé àpapọ̀ Ban Ki-moon yàán gẹ́gẹ́ bí Alága àti agbẹnusọ fún Ìgbìmọ̀ àjọ Adúláwọ̀ nínú àjọ United Nations fún ní àárín Darfur ní ọdún 2010 ."},"reference":"63"},{"annotations":[{"text_extraction":{"text_segment":{"end_offset":49,"start_offset":26}},"display_name":"ORG"},{"text_extraction":{"text_segment":{"end_offset":77,"start_offset":69}},"display_name":"LOC"},{"text_extraction":{"text_segment":{"end_offset":87,"start_offset":81}},"display_name":"LOC"}],"text_snippet":{"content":"Ó tún lọ sí ilé-ẹ̀kọ́ The Young Vic Youth Theatre tí ó wà ní agbègbè Waterloo ní London ."},"reference":"81"},{"annotations":[{"text_extraction":{"text_segment":{"end_offset":19,"start_offset":0}},"display_name":"PER"},{"text_extraction":{"text_segment":{"end_offset":81,"start_offset":78}},"display_name":"LOC"},{"text_extraction":{"text_segment":{"end_offset":112,"start_offset":101}},"display_name":"LOC"}],"text_snippet":{"content":"Blanche Kelso Bruce ( 1 Oṣù Kẹta , 1841 – 17 Oṣù Kẹta , 1898 ) je oloselu ara U.S to soju fun ipinle Mississippi gege bi Republikani ni Ile Alagba Asofin U.S lati 1875 de 1881 beesini ohun ni alagba asofin omo Afrika Amerika akoko to soju igba re tan ."},"reference":"43"},{"annotations":[{"text_extraction":{"text_segment":{"end_offset":64,"start_offset":57}},"display_name":"PER"}],"text_snippet":{"content":"Ní ọdún 2011 , wọ́n gba ọmọ kan tó , orúkọ ọmọ náà sì ni Genesis ."},"reference":"8"},{"annotations":[{"text_extraction":{"text_segment":{"end_offset":200,"start_offset":189}},"display_name":"PER"},{"text_extraction":{"text_segment":{"end_offset":215,"start_offset":203}},"display_name":"PER"},{"text_extraction":{"text_segment":{"end_offset":226,"start_offset":220}},"display_name":"PER"}],"text_snippet":{"content":"Àwọn orin rẹ̀ a tún má a sọ nípa ìjẹgàba àwọn ènìyan péréte lórí ọ̀rọ̀ ajẹ́ , ìṣẹ́ àti ogun tí ó sí máa ń kún fún ẹkó ìwá áti ẹsẹ bíbélì nígbà ti àwọn aláwìyè kan nídi iṣẹ́ orin a máa fiwé Erykah Badu , Neneh Cherry àti Floety ."},"reference":"42"},{"annotations":[{"text_extraction":{"text_segment":{"end_offset":59,"start_offset":50}},"display_name":"ORG"},{"text_extraction":{"text_segment":{"end_offset":71,"start_offset":68}},"display_name":"ORG"}],"text_snippet":{"content":"Ó ti ṣe àtúnkọ orin rẹ̀ tí ó gbajúmọ̀ jù u ni ̂ ” Heartbeat “ pẹ̀lu Nas tí yóò si di kíkó jáde laipẹ jọjọ ."},"reference":"34"},{"annotations":[{"text_extraction":{"text_segment":{"end_offset":30,"start_offset":22}},"display_name":"LOC"}],"text_snippet":{"content":"O jẹ olorin àdàlú ilẹ Nàìjíríà àti jamaní Hip/Soul ."},"reference":"11"},{"annotations":[{"text_extraction":{"text_segment":{"end_offset":28,"start_offset":20}},"display_name":"PER"},{"text_extraction":{"text_segment":{"end_offset":67,"start_offset":54}},"display_name":"LOC"}],"text_snippet":{"content":"Ó ti fi ìgbà kan jẹ Mínísítà fún Iṣẹ́ Òde láàrín ọdún 1984 àti 1985 ."},"reference":"62"},{"annotations":[{"text_extraction":{"text_segment":{"end_offset":61,"start_offset":39}},"display_name":"LOC"}],"text_snippet":{"content":"Ó sì tún kópa nínú eré The Observer ní Royal National Theatre ."},"reference":"88"},{"annotations":[{"text_extraction":{"text_segment":{"end_offset":47,"start_offset":26}},"display_name":"PER"}],"text_snippet":{"content":"Won bi omo won kan soso , Roscoe Conkling Bruce ni 1879 ."},"reference":"58"},{"annotations":[],"text_snippet":{"content":"Itoju latowo baba re fi bee dara ti a ba fi we tawon miran ."},"reference":"45"},{"annotations":[{"text_extraction":{"text_segment":{"end_offset":119,"start_offset":114}},"display_name":"LOC"},{"text_extraction":{"text_segment":{"end_offset":50,"start_offset":45}},"display_name":"LOC"}],"text_snippet":{"content":"o je a tele gun-duro egbe ti asofin fun awon gichu constituency ati awon eya alagbawi ti awon ga ejo ti orile-ede kenya.o je iranse ti ododo titi fiwasile lati pe si ipo ninu kerin 2009 ."},"reference":"97"},{"annotations":[{"text_extraction":{"text_segment":{"end_offset":64,"start_offset":49}},"display_name":"LOC"}],"text_snippet":{"content":"Leyin na o lo sise bi asona lori oko-ojuomi lori Odo Mississippi ."},"reference":"48"},{"annotations":[],"text_snippet":{"content":"Ọ̀pọ̀ orin inú àwo náà ni ó ní í ṣe pẹ̀lú ọ̀rọ̀ –òṣèlú , tí ó ń sọ nípa ìṣòro àwọn èyà Gúsù – úsù ilẹ̀ yìí àti àwọn ìwá ọbaàyéjẹ́ mìíràn tí ń wáyé l ’ ágbègbè abínibí Nneka ."},"reference":"25"},{"annotations":[{"text_extraction":{"text_segment":{"end_offset":56,"start_offset":49}},"display_name":"LOC"}],"text_snippet":{"content":"Lẹ́yìn náa , Ó lọ sí Ilé-ẹ̀kọ́ ìmọ̀ Okòwò ti Ìlú Lọndọnu níbi ti Ó ti gba B. Sc . ( Ẹ̀kọ́ Ìṣòwòeto ) ( 1968 ) Ti ó si gba dìgírì nínú International Relation ."},"reference":"69"},{"annotations":[{"text_extraction":{"text_segment":{"end_offset":37,"start_offset":32}},"display_name":"PER"},{"text_extraction":{"text_segment":{"end_offset":58,"start_offset":47}},"display_name":"ORG"}],"text_snippet":{"content":"Ó tún kópa gẹ́gẹ́ ẹ̀dá ìtà ìtàn Ariel nínú eré The Tempest ."},"reference":"86"},{"annotations":[{"text_extraction":{"text_segment":{"end_offset":28,"start_offset":5}},"display_name":"ORG"},{"text_extraction":{"text_segment":{"end_offset":56,"start_offset":40}},"display_name":"ORG"},{"text_extraction":{"text_segment":{"end_offset":71,"start_offset":57}},"display_name":"LOC"},{"text_extraction":{"text_segment":{"end_offset":111,"start_offset":97}},"display_name":"ORG"},{"text_extraction":{"text_segment":{"end_offset":150,"start_offset":125}},"display_name":"ORG"}],"text_snippet":{"content":"Ó lọ ilé –ìwé alákọ̀ọ́bẹ̀rẹ̀ ti ilé iṣé awórin-túnrin-rọ nípìnlẹ́ Delta , Ó tẹ́ síwájú nípa lílọ ile-ìwé Girama ti ilé –iṣẹ́ ifọpo orilẹ-èdè Nàìjíríà ."},"reference":"13"},{"annotations":[{"text_extraction":{"text_segment":{"end_offset":69,"start_offset":45}},"display_name":"ORG"}],"text_snippet":{"content":"Ó jẹ́ ọmọ ẹgbẹ́ ti Ìgbìmọ̀ Onímọ̀-akọọ́lẹ ti Johns Hopkins University ."},"reference":"77"},{"annotations":[{"text_extraction":{"text_segment":{"end_offset":86,"start_offset":76}},"display_name":"PER"},{"text_extraction":{"text_segment":{"end_offset":135,"start_offset":127}},"display_name":"ORG"},{"text_extraction":{"text_segment":{"end_offset":20,"start_offset":4}},"display_name":"ORG"}],"text_snippet":{"content":"Jẹ́ British-Nigerian òṣèré , ònkọ̀tàn àti adarí eré tí gbogbo ènìyàn mọ̀ sí Adam Okaro nínú eré àtìgbà-dégbà orí amóhù-máwòrán The Bill ."},"reference":"79"},{"annotations":[{"text_extraction":{"text_segment":{"end_offset":207,"start_offset":202}},"display_name":"LOC"},{"text_extraction":{"text_segment":{"end_offset":54,"start_offset":35}},"display_name":"ORG"}],"text_snippet":{"content":"Laarin 1980 ati 1981 o ti oruko ni Kenya School of Law fun awọn amofin post mewa ofin dajudaju ti o ni kan pataki ṣaaju to gbigbani ti o ga si awọn orile eerun ti onigbawi ati iwe-ašẹ lati niwa ofin ni Kenya ."},"reference":"100"},{"annotations":[{"text_extraction":{"text_segment":{"end_offset":114,"start_offset":102}},"display_name":"LOC"}],"text_snippet":{"content":"Bẹ́ẹ̀ ló tún kọ orin tí ó fi sorí ìdije b̀ọ́ọ̀lù àgbáyé tí a pé ní 2010 ifa world cup tí ó wáyé nílẹ̀ Gúsù Afíríkà ( south Africa ) tí ó pé ní “ Viva Africa “ ."},"reference":"38"},{"annotations":[{"text_extraction":{"text_segment":{"end_offset":54,"start_offset":52}},"display_name":"LOC"}],"text_snippet":{"content":"Ní ọdún 2009 ati 2010 , ó kópa nínú eré Law & Order UK tí ó sì tún kópa nínú eré yí kan náà tí wọ́n gbé jáde ní ọdún 2012 ati ọdún 2013 ."},"reference":"89"},{"annotations":[{"text_extraction":{"text_segment":{"end_offset":52,"start_offset":48}},"display_name":"LOC"},{"text_extraction":{"text_segment":{"end_offset":68,"start_offset":55}},"display_name":"ORG"},{"text_extraction":{"text_segment":{"end_offset":164,"start_offset":152}},"display_name":"ORG"}],"text_snippet":{"content":"Àkójọpọ̀ láti ẹ̀ka agbóhùn sáfẹ́fẹ́ pàápàá jùlọ UK ’ a Sunday Times pè ní “ ọdun tí a fojú fo aṣemáṣe àwo orin jùlọ ” tí wọn sì gbe yèwò sí ti àwo orin Launyn Hill tí ó kún fún ọpọlọpọ aṣemáṣe ."},"reference":"20"},{"annotations":[],"text_snippet":{"content":"Wọ́n yàán ní oṣù Kẹ̀wá ọdún 2005 , ó si bẹ̀rẹ̀ ṣẹ́ naa ."},"reference":"65"},{"annotations":[{"text_extraction":{"text_segment":{"end_offset":89,"start_offset":63}},"display_name":"ORG"}],"text_snippet":{"content":"Ní inú osù kọkànlá ọdún 2010 , ó tún kópa nínú ìpele kẹrin eré The Sarah Jane Adventures , `` Lost in Time '' ."},"reference":"90"},{"annotations":[{"text_extraction":{"text_segment":{"end_offset":93,"start_offset":83}},"display_name":"LOC"},{"text_extraction":{"text_segment":{"end_offset":98,"start_offset":96}},"display_name":"LOC"},{"text_extraction":{"text_segment":{"end_offset":122,"start_offset":101}},"display_name":"ORG"},{"text_extraction":{"text_segment":{"end_offset":169,"start_offset":148}},"display_name":"ORG"},{"text_extraction":{"text_segment":{"end_offset":188,"start_offset":174}},"display_name":"ORG"}],"text_snippet":{"content":"Láti ọdún 1986 sí 1989 , ó jẹ́ Olùkọ́ Alábẹ̀wò sí àwọn Ilé-ẹ̀kọ́ gíga mẹ́ta ní ìlú Washington , DC : Ile-iwe Johns Hopkins ti Iwadi International , University Georgetown ati Ile-ẹkọ Howard ."},"reference":"72"},{"annotations":[],"text_snippet":{"content":"Leyin eyi o tun je yiyansipo si awon ipo miran nibe bi , agbwoode ati olubojuto eto eko , nigba kanna to tun se olotu iwe-iroyin labele ."},"reference":"52"},{"annotations":[{"text_extraction":{"text_segment":{"end_offset":20,"start_offset":0}},"display_name":"ORG"}],"text_snippet":{"content":"Beyond Race magazine ’ s kà mọ́ ikọ̀ aláàdọ́ta àwọn akọrin tí ó ń dide bọ̀ leyìí tí ó mú kí wọn ó gbé àwòrán rẹ̀ sójú ewé àkọ́kọ́ ìwé àtẹ̀jáde kan kan pẹ̀lú àwọn mììran biúi Bodega Girls àti S. cole Bákan náà ni wọ́n ni ìfọ̀rọ̀wérọ̀ pẹ̀lúu Magasíìnì náà ."},"reference":"28"},{"annotations":[{"text_extraction":{"text_segment":{"end_offset":64,"start_offset":61}},"display_name":"ORG"},{"text_extraction":{"text_segment":{"end_offset":89,"start_offset":86}},"display_name":"ORG"},{"text_extraction":{"text_segment":{"end_offset":58,"start_offset":40}},"display_name":"ORG"}],"text_snippet":{"content":"Ó ti kọ́kọ́ ṣiṣṣ lábẹ́ Akọ̀wé-Gbogbogbò Àjọ Ìṣọ̀kan Àgbáyé ( USG ) ní Ẹ̀ka ti Ìṣèlú ( DPA ) ."},"reference":"64"},{"annotations":[{"text_extraction":{"text_segment":{"end_offset":113,"start_offset":108}},"display_name":"PER"},{"text_extraction":{"text_segment":{"end_offset":122,"start_offset":118}},"display_name":"PER"},{"text_extraction":{"text_segment":{"end_offset":139,"start_offset":125}},"display_name":"PER"}],"text_snippet":{"content":"Ó tún gbà láti kópa nínú ayeye ìpàt orin tí a pè ní “ Lilith Fair Concert '' ( 2010 ) pẹ̀lú àwọn aḱrin bí i Tegan àti Sara , Sarah Mcachlan ."},"reference":"35"},{"annotations":[{"text_extraction":{"text_segment":{"end_offset":57,"start_offset":47}},"display_name":"PER"},{"text_extraction":{"text_segment":{"end_offset":70,"start_offset":60}},"display_name":"PER"},{"text_extraction":{"text_segment":{"end_offset":89,"start_offset":75}},"display_name":"PER"}],"text_snippet":{"content":"Bákan náà ló ti ran àwọn akọrin mìràn lọ́ẁ bíi Femi –kuti , Bilai seed àti Gnarls Barkley ."},"reference":"22"},{"annotations":[{"text_extraction":{"text_segment":{"end_offset":7,"start_offset":0}},"display_name":"PER"},{"text_extraction":{"text_segment":{"end_offset":59,"start_offset":32}},"display_name":"ORG"}],"text_snippet":{"content":"Gambari is also co-chair of the Albright-Gambari Commission ."},"reference":"68"},{"annotations":[{"text_extraction":{"text_segment":{"end_offset":15,"start_offset":0}},"display_name":"PER"}],"text_snippet":{"content":"Cyril Ikechukwu Nri tí wọ́n bí ní ọjọ́ kaẹ̀ẹ́dọ́gbọ̀n oṣù kẹrin ọdún 1961 ."},"reference":"78"},{"annotations":[{"text_extraction":{"text_segment":{"end_offset":171,"start_offset":161}},"display_name":"LOC"},{"text_extraction":{"text_segment":{"end_offset":192,"start_offset":187}},"display_name":"LOC"},{"text_extraction":{"text_segment":{"end_offset":182,"start_offset":174}},"display_name":"LOC"},{"text_extraction":{"text_segment":{"end_offset":140,"start_offset":134}},"display_name":"LOC"}],"text_snippet":{"content":"Ó parí àkáálẹ̀ orin rẹ̀ àkọ́kọ́ ni àsìkò ọ̀gbẹlẹ̀ ( Ẹrùn ) tí ó pe àkọ́lé ẹ̀ ni “ Victim of Truth ” , títà àwo náà wáyé ni orílẹ̀-èdè Jamáni , Gẹ̀ẹ́sì Faranse , Netherland , Nàìjíríà àti Japan ."},"reference":"19"},{"annotations":[],"text_snippet":{"content":"Ó ṣe èyí nítórí tí ó jẹ́ ìgbà àkọ́kọ́ ìdíje náà nilé aláwọ̀údú ."},"reference":"39"},{"annotations":[],"text_snippet":{"content":"Litt . )"},"reference":"75"},{"annotations":[{"text_extraction":{"text_segment":{"end_offset":12,"start_offset":0}},"display_name":"PER"},{"text_extraction":{"text_segment":{"end_offset":56,"start_offset":51}},"display_name":"LOC"}],"text_snippet":{"content":"Martha Karua ( bi ni odun 1957 ) je oloselu ni ilu Kenya ."},"reference":"96"},{"annotations":[{"text_extraction":{"text_segment":{"end_offset":45,"start_offset":23}},"display_name":"ORG"},{"text_extraction":{"text_segment":{"end_offset":97,"start_offset":68}},"display_name":"LOC"}],"text_snippet":{"content":"Ó tún forúkọ sílẹ̀ fún Young People 's School fún iṣẹ́ tíátà kan ní West Warwick , Rhode Island ."},"reference":"7"},{"annotations":[{"text_extraction":{"text_segment":{"end_offset":32,"start_offset":27}},"display_name":"PER"},{"text_extraction":{"text_segment":{"end_offset":77,"start_offset":74}},"display_name":"LOC"},{"text_extraction":{"text_segment":{"end_offset":110,"start_offset":102}},"display_name":"LOC"},{"text_extraction":{"text_segment":{"end_offset":119,"start_offset":113}},"display_name":"LOC"},{"text_extraction":{"text_segment":{"end_offset":136,"start_offset":122}},"display_name":"LOC"},{"text_extraction":{"text_segment":{"end_offset":146,"start_offset":140}},"display_name":"LOC"},{"text_extraction":{"text_segment":{"end_offset":161,"start_offset":149}},"display_name":"LOC"},{"text_extraction":{"text_segment":{"end_offset":175,"start_offset":164}},"display_name":"LOC"},{"text_extraction":{"text_segment":{"end_offset":193,"start_offset":180}},"display_name":"LOC"}],"text_snippet":{"content":"Ní oṣù kọkànlá ọdún 2009 , Nneka ṣe ìpàtẹ orin rẹ̀ àkọ́kọ́ lọ sọrílẹ̀ èdè USA nibi tí ó ti ṣeré nilùú New York , Vienna , Washington D.C. , Boston , Philadelphia , Los Angeles àti San Francisco ."},"reference":"29"},{"annotations":[{"text_extraction":{"text_segment":{"end_offset":139,"start_offset":132}},"display_name":"PER"}],"text_snippet":{"content":"As a university that continues to gain credence as a community development university with world class standards , the selection of Gambari is expected to give the institution additional international boost and recognition ."},"reference":"67"},{"annotations":[{"text_extraction":{"text_segment":{"end_offset":48,"start_offset":33}},"display_name":"ORG"},{"text_extraction":{"text_segment":{"end_offset":130,"start_offset":113}},"display_name":"PER"}],"text_snippet":{"content":"Ní ọdún 2016 , ó gba àmì-ẹ̀yẹ ti British Academy Television Award fún ipa rẹ̀ gẹ́gẹ́ bí ẹ̀dá ìtàn Lance nínú eré Russell T. Davies tí óbjẹ́ ọ̀kan lára eré onípele orí amóhù-máwòrán Cucumber ."},"reference":"92"},{"annotations":[{"text_extraction":{"text_segment":{"end_offset":81,"start_offset":79}},"display_name":"ORG"},{"text_extraction":{"text_segment":{"end_offset":93,"start_offset":89}},"display_name":"ORG"}],"text_snippet":{"content":"Ọ̀kan nínú orin inú àwo rẹ̀ tí ó pé ní “ kangpe ” ni ó ṣe bẹ́ẹ̀ jẹ́ átẹ́wọ́gbà EA sports FIFA 2010 gẹ́gẹ́ bíi orin abẹ́nú fún eré bọ́ọ̀lù orí ẹ̀rọ amóhùn – máwòrán ."},"reference":"31"},{"annotations":[{"text_extraction":{"text_segment":{"end_offset":5,"start_offset":0}},"display_name":"PER"},{"text_extraction":{"text_segment":{"end_offset":45,"start_offset":39}},"display_name":"PER"}],"text_snippet":{"content":"Davis tún jẹ́ ìyá fún àwọn ọmọ méjì tí Tennon bí nínú ìgbéyàwó rè tẹ́lẹ̀ ."},"reference":"9"},{"annotations":[{"text_extraction":{"text_segment":{"end_offset":42,"start_offset":36}},"display_name":"LOC"},{"text_extraction":{"text_segment":{"end_offset":56,"start_offset":49}},"display_name":"LOC"}],"text_snippet":{"content":"Nígbà tí ó tàtaré bọ́ sí orílẹ̀ èdè Jámánì nílùú Hamburg lẹ́ni ọmọ ọdún méjìdínlógún , ó mú orin gẹ́gẹ́ bí iṣẹ́ ajẹ́ pẹ̀lú ìkẹ́kọ̀ọ́ gboyé nínú ìmọ̀ àṣà àti ìṣe ènìyàn ."},"reference":"15"},{"annotations":[{"text_extraction":{"text_segment":{"end_offset":40,"start_offset":10}},"display_name":"ORG"},{"text_extraction":{"text_segment":{"end_offset":81,"start_offset":75}},"display_name":"LOC"}],"text_snippet":{"content":"Nri lọ sí ilé-ẹ̀kọ́ Holland Park School i mm tí ó wà ní apá ìwọ̀ Oòrùn ìlú London , ibẹ̀ ni ó ti bẹ̀rẹ̀ sí ń kópa nínú eré orí-ìtàgé bíi Three Penny Opera ."},"reference":"80"},{"annotations":[{"text_extraction":{"text_segment":{"end_offset":61,"start_offset":29}},"display_name":"ORG"}],"text_snippet":{"content":"Ó tún kẹ́kọ̀ọ́ eré oníṣẹ́ ní Bristol Old Vic Theatre School ."},"reference":"82"},{"annotations":[{"text_extraction":{"text_segment":{"end_offset":19,"start_offset":0}},"display_name":"PER"}],"text_snippet":{"content":"Nneka Lucia Egbunna , a bii ni ọjọ́ kẹrìnlelogun , Ọdún 1980 ."},"reference":"10"},{"annotations":[{"text_extraction":{"text_segment":{"end_offset":22,"start_offset":9}},"display_name":"PER"}],"text_snippet":{"content":"Nigba ti Blanche Bruce je odo , o le sere pelu arakunrin obakan re ."},"reference":"47"},{"annotations":[{"text_extraction":{"text_segment":{"end_offset":75,"start_offset":72}},"display_name":"ORG"}],"text_snippet":{"content":"Ó sì padà tún kópa nínú ibẹ̀rẹ̀ ìpín Karùn-ún eré náà ní ọdún 2011 , `` Sky '' ."},"reference":"91"}]}