{"annotations":[{"annotations":[{"text_extraction":{"text_segment":{"end_offset":63,"start_offset":39}},"display_name":"ORG"}],"text_snippet":{"content":"He was elected as the President of the African Development Bank in 2015 and re-elected for a second term in 2020 . He is the first Nigerian to hold the post . "},"reference":"9"},{"annotations":[{"text_extraction":{"text_segment":{"end_offset":31,"start_offset":24}},"display_name":"LOC"}],"text_snippet":{"content":"He previously served as Nigeria 's Minister of Agriculture and Rural Development ."},"reference":"7"},{"annotations":[{"text_extraction":{"text_segment":{"end_offset":10,"start_offset":0}},"display_name":"PER"},{"text_extraction":{"text_segment":{"end_offset":117,"start_offset":98}},"display_name":"ORG"},{"text_extraction":{"text_segment":{"end_offset":123,"start_offset":120}},"display_name":"ORG"}],"text_snippet":{"content":"Akufo-Addo first ran for president in 2008 and again in 2012 , both times as the candidate of the New Patriotic Party ( NPP ) ."},"reference":"3"},{"annotations":[{"text_extraction":{"text_segment":{"end_offset":142,"start_offset":101}},"display_name":"ORG"},{"text_extraction":{"text_segment":{"end_offset":149,"start_offset":145}},"display_name":"ORG"}],"text_snippet":{"content":"Until his appointment as Minister in 2010 , he was Vice President of Policy and Partnerships for the Alliance for a Green Revolution in Africa ( AGRA ) ."},"reference":"8"},{"annotations":[{"text_extraction":{"text_segment":{"end_offset":27,"start_offset":0}},"display_name":"PER"},{"text_extraction":{"text_segment":{"end_offset":116,"start_offset":111}},"display_name":"LOC"}],"text_snippet":{"content":"Nana Addo Dankwa Akufo-Addo ( born 29 March 1944 ) is a Ghanaian politician who has served as the president of Ghana since 2017 ."},"reference":"1"},{"annotations":[{"text_extraction":{"text_segment":{"end_offset":129,"start_offset":123}},"display_name":"PER"}],"text_snippet":{"content":"He previously served as Attorney General from 2001 to 2003 and as Minister for Foreign Affairs from 2003 to 2007 under the Kufuor-led administration ."},"reference":"2"},{"annotations":[{"text_extraction":{"text_segment":{"end_offset":32,"start_offset":25}},"display_name":"PER"},{"text_extraction":{"text_segment":{"end_offset":72,"start_offset":66}},"display_name":"LOC"},{"text_extraction":{"text_segment":{"end_offset":78,"start_offset":75}},"display_name":"LOC"}],"text_snippet":{"content":"Early life and education Adesina was born to a Nigerian farmer in Ibadan , Oyo state ."},"reference":"10"},{"annotations":[{"text_extraction":{"text_segment":{"end_offset":24,"start_offset":0}},"display_name":"PER"},{"text_extraction":{"text_segment":{"end_offset":124,"start_offset":100}},"display_name":"ORG"}],"text_snippet":{"content":"Akinwumi 'Akin ' Adesina is a Nigerian economist , who is currently serving as the President of the African Development Bank ."},"reference":"6"},{"annotations":[{"text_extraction":{"text_segment":{"end_offset":94,"start_offset":73}},"display_name":"PER"},{"text_extraction":{"text_segment":{"end_offset":126,"start_offset":107}},"display_name":"PER"},{"text_extraction":{"text_segment":{"end_offset":57,"start_offset":29}},"display_name":"ORG"}],"text_snippet":{"content":"He lost on both occasions to National Democratic Congress ' candidates : John Evans Atta Mills in 2008 and John Dramani Mahama in 2012 ."},"reference":"4"},{"annotations":[{"text_extraction":{"text_segment":{"end_offset":147,"start_offset":125}},"display_name":"ORG"},{"text_extraction":{"text_segment":{"end_offset":163,"start_offset":157}},"display_name":"PER"}],"text_snippet":{"content":"After the 2012 general elections , he refused to concede and proceeded to court to challenge the electoral results , but the Supreme Court of Ghana affirmed Mahama 's victory ."},"reference":"5"}]}