{"annotations":[{"annotations":[{"text_extraction":{"text_segment":{"end_offset":5,"start_offset":0}},"display_name":"PER"},{"text_extraction":{"text_segment":{"end_offset":42,"start_offset":17}},"display_name":"ORG"}],"text_snippet":{"content":"Davis lọ ilé-ìwé Central Falls High School ."},"reference":"5"},{"annotations":[{"text_extraction":{"text_segment":{"end_offset":5,"start_offset":0}},"display_name":"PER"},{"text_extraction":{"text_segment":{"end_offset":45,"start_offset":39}},"display_name":"PER"}],"text_snippet":{"content":"Davis tún jẹ́ ìyá fún àwọn ọmọ méjì tí Tennon bí nínú ìgbéyàwó rè tẹ́lẹ̀ ."},"reference":"9"},{"annotations":[{"text_extraction":{"text_segment":{"end_offset":64,"start_offset":57}},"display_name":"PER"}],"text_snippet":{"content":"Ní ọdún 2011 , wọ́n gba ọmọ kan tó , orúkọ ọmọ náà sì ni Genesis ."},"reference":"8"},{"annotations":[{"text_extraction":{"text_segment":{"end_offset":69,"start_offset":49}},"display_name":"ORG"}],"text_snippet":{"content":"Ó ti gba ọ̀pọ̀lọpọ̀ àmì-ẹ̀yẹ bíi Academy Award , Primetime Emmy Award àti àmì-ẹ̀yẹTony méjì ."},"reference":"2"},{"annotations":[{"text_extraction":{"text_segment":{"end_offset":30,"start_offset":22}},"display_name":"LOC"}],"text_snippet":{"content":"O jẹ olorin àdàlú ilẹ Nàìjíríà àti jamaní Hip/Soul ."},"reference":"11"},{"annotations":[],"text_snippet":{"content":"Ó sì tún jẹ́ ọmọ african American tó gba Triple Crown of Acting ."},"reference":"3"},{"annotations":[{"text_extraction":{"text_segment":{"end_offset":45,"start_offset":23}},"display_name":"ORG"},{"text_extraction":{"text_segment":{"end_offset":80,"start_offset":68}},"display_name":"LOC"},{"text_extraction":{"text_segment":{"end_offset":95,"start_offset":83}},"display_name":"LOC"}],"text_snippet":{"content":"Ó tún forúkọ sílẹ̀ fún Young People 's School fún iṣẹ́ tíátà kan ní West Warwick , Rhode Island ."},"reference":"7"},{"annotations":[{"text_extraction":{"text_segment":{"end_offset":19,"start_offset":0}},"display_name":"PER"}],"text_snippet":{"content":"Nneka Lucia Egbunna , a bii ni ọjọ́ kẹrìnlelogun , Ọdún 1980 ."},"reference":"10"},{"annotations":[{"text_extraction":{"text_segment":{"end_offset":47,"start_offset":38}},"display_name":"ORG"},{"text_extraction":{"text_segment":{"end_offset":135,"start_offset":122}},"display_name":"PER"}],"text_snippet":{"content":"Lẹ́yìn tó kẹ́kọ̀ọ́ gboyè láti ilé-ìwé Juilliard ní ọdún 1993 , ó gba àmì-ẹ̀yẹ Obie ní ọdún 1999 fún ẹ̀dá-ìtàn rẹ̀ , tó ṣe Ruby McCollum nínú Everybody 's Ruby ."},"reference":"4"},{"annotations":[{"text_extraction":{"text_segment":{"end_offset":11,"start_offset":0}},"display_name":"PER"},{"text_extraction":{"text_segment":{"end_offset":103,"start_offset":96}},"display_name":"LOC"}],"text_snippet":{"content":"Viola Davis ( /vaɪˈoʊl.ə/ ; tí a bí ní ọjọ́ kọkànlá oṣù kẹjọ , ọdún 1965 ) jẹ́ òṣèrébìnrin ilẹ̀ Amerika ."},"reference":"1"},{"annotations":[{"text_extraction":{"text_segment":{"end_offset":69,"start_offset":49}},"display_name":"ORG"}],"text_snippet":{"content":"Ó ti gba ọ̀pọ̀lọpọ̀ àmì-ẹ̀yẹ bíi Academy Award , Primetime Emmy Award àti àmì-ẹ̀yẹTony méjì ."},"reference":"2"},{"annotations":[{"text_extraction":{"text_segment":{"end_offset":62,"start_offset":45}},"display_name":"ORG"},{"text_extraction":{"text_segment":{"end_offset":105,"start_offset":67}},"display_name":"ORG"}],"text_snippet":{"content":"Gẹ́gẹ́ bí ọ̀jẹ̀-wẹ́wẹ́ , ó darapọ̀ mọ́ ẹgbẹ́ TRIO Upward Bound àti TRIO Student Support Services programs ."},"reference":"6"},{"annotations":[{"text_extraction":{"text_segment":{"end_offset":103,"start_offset":96}},"display_name":"LOC"},{"text_extraction":{"text_segment":{"end_offset":11,"start_offset":0}},"display_name":"PER"}],"text_snippet":{"content":"Viola Davis ( /vaɪˈoʊl.ə/ ; tí a bí ní ọjọ́ kọkànlá oṣù kẹjọ , ọdún 1965 ) jẹ́ òṣèrébìnrin ilẹ̀ Amerika ."},"reference":"1"}]}